Model,Accuracy
AdaBoost,0.9879592255592803
Bagging,0.9885749469795444
Gradient Boosting,0.9893959088732298
Baseline RF,0.989874803311213
Tuned RF,0.9900116302934939
